{"env_steps": 2000000, "epoch": 1999, "sac/log_pi": 156.29833984375, "sac/policy_loss": -4555038.5, "sac/qf1_loss": 4492468682752.0, "sac/qf2_loss": 4925491249152.0, "sac/alpha_loss": -62.55233383178711, "sac/alpha": 834.8551025390625, "sac/average_qf1": 3933233.75, "sac/average_qf2": 3926558.75, "sac/average_target_q": 4431394.5, "sac/total_steps": 2000000, "average_return": 0.0, "average_traj_length": 10.0, "rollout_time": 1.569878339767456, "train_time": 11.62741756439209, "eval_time": 0.09375, "epoch_time": 13.291045904159546, "_timestamp": 1657800525, "_runtime": 27039, "_step": 1999, "_wandb": {"runtime": 27043}}